index,img,clutter,firstfixtotarget,iousfixmap,iousgradcam,gtcs,scs,targetsize,eccentricities,eccentricity scaled 0-1,precisions_fixmap,precisions_gradcam,accuracies_fixmap,accuracies_gradcam,ious_gradcamfixmap,avetargetsaliency,confidence,fixmapproportional_area,gradcamproportional_area,precisionsratio,log precision ratio,accuracyratio,log accuracy ratio,iou ratio,log iou ratio
134,623rocking chair,101,4.166666667,0.4778080246,0.3725688589,0.4064013735,0.9223212246,0.04943758573,169.9066798,0.5932495803,0.9223212246,0.4064013735,0.4978419041,0.8173634234,0.2614183792,0.1714556138,99.94769692,0.02668495656,0.09942996494,2.238996516,0.8060277817,0.6138075357,-0.4880738597,1.275085552,0.2430132759
43,479sink,139,2.842105263,0.3549102642,0.2763237207,0.1576766152,0.2715736041,0.05550373419,86.17655562,0.3008957947,0.8121827411,0.2798213769,0.3866432337,0.9567223199,0.139236033,0.2570553999,99.9994874,0.0264228014,0.1897698522,2.836860241,1.042697892,0.4102969649,-0.8908740768,1.274467457,0.2425284105
23,463window screen,110,4.166666667,0.4380976034,0.3502357768,0.5298210424,0.9043105805,0.07431184271,127.2500214,0.4443087338,0.6430328989,0.3584793306,0.5788825991,0.9383870703,0.3259531835,0.132357369,98.19263816,0.06689833867,0.1945252248,1.772237531,0.5722428899,0.620930649,-0.4765358796,1.24390089,0.2182523206
108,529bath towel,182,2.777777778,0,0.01604130076,0.8474496486,1,0.4006157598,109.2181812,0.3813483981,0,0.05067079116,0,0.02293375538,0.1400423658,0.2128961921,99.97830987,0.02539247066,0.1813199207,0.1648239591,-1.802877289,0.3036398335,-1.191913038,0.3840053956,-0.9570986755
96,524window screen,114,4.818181818,0.2965213747,0.2451962388,0.413528509,0.6062626263,0.04526139308,192.9628238,0.6737528763,0.5717171717,0.283201511,0.3811961207,0.6462823276,0.1064948193,0.0582781529,97.73803353,0.03017832647,0.1032891328,1.984018328,0.6851242468,0.5960790109,-0.5173820521,1.201120268,0.183254678
99,753car wheel,83,4.473684211,0.2375864787,0.2055596196,0.2452087434,0.4920693471,0.05310166133,114.4359795,0.3995669675,0.5003688676,0.2474360302,0.3114810563,0.5484500574,0.1874189676,0.2507283099,99.93914366,0.0330559366,0.1177015699,1.982507527,0.684362471,0.5756666187,-0.5522265728,1.148575411,0.1385224014
200,540sliding door,131,4.777777778,0.08698166199,0,0.735176911,0.4958859659,0.2682944673,132.7000631,0.4633382093,0.4881214509,0,0.09571204581,0,0,0.2459912158,99.99976158,0.05260783417,0.1009724127,49.81214509,3.908258832,10.57120458,2.358133756,9.698166199,2.271936816
178,779sink,126,2.588235294,0.3616429774,0.3151867186,0.4712877759,0.9108244532,0.1467885993,132.1036037,0.4612555995,0.8633389419,0.3847236888,0.3836026083,0.6355442954,0.2689696787,0.1245967782,99.97882247,0.06522176497,0.2424874257,2.212532378,0.7941377318,0.6097220766,-0.4947520378,1.142860259,0.1335341192
201,738television,130,4.076923077,0.420393394,0.3904828203,0.4442344985,0.3953862661,0.04787684804,159.4416501,0.556709672,0.6076984979,0.3904828203,0.5769769515,1,0.3707423798,0.3695550183,99.94719625,0.04545648529,0.1226093583,1.542384508,0.4333296008,0.5811652985,-0.5427200557,1.074686284,0.07202879003
179,448seashore,82,4.133333333,0.2467979437,0.240164769,0.7125470604,0.9387093037,0.06923944521,124.6834913,0.4353473858,0.3281774997,0.2457320105,0.4988113058,0.9137976578,0.2890261077,0.1308303642,99.99728203,0.1052400549,0.2574790428,1.322390181,0.2794408425,0.5507821994,-0.5964158303,1.026515223,0.02616978749
111,741refrigerator,105,5.4,0.2354692637,0.2293619424,0.2842798019,0.7191933003,0.08575522024,139.235889,0.4861588304,0.6487779867,0.2755953593,0.26987061,0.5775629177,0.103789796,0.09238673886,99.69207048,0.03567139156,0.1797165066,2.306683093,0.8358106022,0.4763244949,-0.741655945,1.025515006,0.02519493084
137,537desk,144,3.555555556,0.1264538652,0,0.2259611244,0.7195171434,0.337277854,122.1679921,0.4265642181,0.7422398052,0,0.1322620296,0,0.01906455953,0.08192606814,99.99196529,0.06010059442,0.2123395824,75.22398052,4.32047007,14.22620296,2.655085543,13.64538652,2.61340148
33,636laptop computer,103,1.222222222,0.06386768448,0,0,0.1082830026,0.02271604938,201.559,0.7037674581,0.1082830026,0,0.1347289318,0,0.1375433727,0.07823741733,98.94360304,0.02826398415,0.1716079866,11.82830026,2.470494987,14.47289318,2.672277464,7.386768448,1.999690352
169,679couch,142,4.642857143,0.370235437,0.3621128553,0.2865644993,0.06756241662,0.1492699284,176.8807952,0.6176005421,0.9006098723,0.507960125,0.3860071884,0.5577520013,0.3488993143,0.2523676227,99.81753826,0.06397805213,0.1639018442,1.758069451,0.5642163039,0.6975002949,-0.3602523424,1.021828275,0.02159344909
127,698wine bottle,120,5,0.2254594092,0.2247551838,0.2876730506,0.2123534011,0.05049839963,150.1606713,0.5243040198,0.3031274433,0.2507408554,0.4680671254,0.6844138597,0.5358816383,0.3705376577,99.87216592,0.07797591831,0.1378387441,1.200914382,0.1830832519,0.6884469812,-0.37331697,1.002999829,0.002995338474
63,655table lamp,129,5,0.1750704926,0.186500459,0.704420188,0.7137225918,0.03689071788,174.1136579,0.6079387498,0.2600394186,0.2085810008,0.3488679557,0.6379110891,0.3940726778,0.1222679901,99.99628067,0.04949245542,0.1128242646,1.23542036,0.2114112844,0.5538845711,-0.5907989693,0.941832368,-0.05992797352
94,799window screen,131,4.352941176,0.2814104296,0.3014315401,0.3107471129,0.7736418511,0.1189391861,160.3650381,0.5599337923,0.6985244802,0.307683243,0.3203137014,0.9368496591,0.1334472065,0.04845360476,99.8323977,0.05454046639,0.362152111,2.230285971,0.8021298156,0.3488554896,-1.053097513,0.9357126435,-0.06644685447
153,457monitor,128,4.125,0.3880585805,0.4163276757,0.09971718865,0.04798978941,0.06491083676,114.9065603,0.4012100569,0.6594767071,0.6217659998,0.4853010238,0.5575279421,0.6030618832,0.5046356024,90.18973112,0.04776710867,0.05820454199,1.059690941,0.05797730093,0.8727341633,-0.1361242789,0.9336916256,-0.06860906059
130,607ambulance,116,5.176470588,0.6033229491,0.659379616,0.1489122281,0.07115119629,0.07370217955,203.6118745,0.710935316,0.946135538,0.6976744186,0.6247828605,0.9231532798,0.3987633436,0.4226256021,99.9958396,0.04866941015,0.09752171925,1.351095239,0.300915552,0.6802557245,-0.3852864861,0.9162557904,-0.08745970609
68,744television,106,5,0.166242836,0.1888681033,0.5230877945,0.7527922561,0.0481390032,134.0722902,0.468129505,0.1918444221,0.189429567,0.5547112462,0.9845491388,0.2980124375,0.2227124817,99.13073182,0.1391921963,0.2501996647,1.012108812,0.01203608646,0.5678062794,-0.5659749758,0.8862297828,-0.1207790135
98,501goldfish,131,3.928571429,0.1760192568,0.2138651067,0.4637649901,0.3760492445,0.09939338515,115.1598322,0.4020943862,0.4910464466,0.2381373479,0.215297798,0.6772373183,0.1541713398,0.2516369432,99.99802113,0.04357872276,0.282664228,2.01923028,0.7027163893,0.3278311465,-1.1152566,0.8309435067,-0.1851934688
1,408taxicab,106,3.947368421,0.4743255467,0.5815600016,0.09963342419,0.02981676244,0.1126901387,148.1010776,0.5171127011,0.9664968015,0.6871416487,0.4822549232,0.7910084397,0.4334523921,0.3649901339,99.99992847,0.05622923335,0.1297241274,1.400715053,0.3369828585,0.6145439907,-0.4868747647,0.818725988,-0.2000058201
86,746laptop computer,154,4.411764706,0.4149902661,0.5211434962,0.1694756136,0.2140875133,0.128986435,126.1000387,0.4402934311,0.9554962647,0.6666368635,0.4231696365,0.704825826,0.418883276,0.2739208625,99.99982119,0.0571254382,0.1363755525,1.426904617,0.3555074947,0.6059792761,-0.5009094914,0.800142088,-0.2229659571
66,430vase,107,4.473684211,0.3836486579,0.4832164948,0.0341163311,0.08771319179,0.08847431794,120.6076581,0.4211161245,0.9775495997,0.5461409396,0.3870589857,0.8074696803,0.1817707881,0.4954352828,99.5998621,0.03503124524,0.1308093278,1.775718221,0.5742049725,0.4857170795,-0.7221289656,0.7981254925,-0.2254894351
105,633television,101,3.941176471,0.3529048632,0.4587732421,0.7334473178,0.8769880992,0.06543514708,148.6772439,0.5191244551,0.5722389056,0.4587732421,0.4793627131,1,0.3430929374,0.1889844671,99.99728203,0.05481481481,0.1426306965,1.24204808,0.2167616949,0.4845175378,-0.7246016507,0.7741586561,-0.2559784443
19,569tray,95,4.055555556,0.3308018043,0.4306992715,0.2680706373,0.2945936006,0.07681146167,114.2735592,0.3989998577,0.4405418659,0.5090490293,0.5704420986,0.7367251369,0.2294224405,0.2709227005,97.89457917,0.0994604481,0.1111659808,0.8680140805,-0.1415473427,0.7773169402,-0.2519071094,0.7733205529,-0.2570616296
91,771window screen,132,4.333333333,0.381360536,0.4966192096,0.2128863279,0.003312825367,0.1008748666,125.9612364,0.4398087862,0.9966871746,0.6194342588,0.3818445546,0.7146742415,0.2113662348,0.1881359749,99.60218072,0.03864654778,0.1163846975,1.599352372,0.4695987797,0.5407182043,-0.6148570151,0.7724944664,-0.2581304334
171,418wardrobe,113,2.315789474,0.07065561784,0.2875175947,0.9059421278,0.9268713349,0.50028959,101.1892117,0.3533142867,1,0.7910341409,0.07065561784,0.3111503778,0.1699852507,0.0790608647,99.99949932,0.03534827008,0.1967870751,1.260870103,0.2318020408,0.2511459535,-1.381721021,0.2710952874,-1.305284906
151,462washing machine,144,1.210526316,0.07191810836,0.3324949869,0.7611066898,0.4652693151,0.34781893,61.43050026,0.2144919702,1,0.9159683535,0.07191810836,0.3429563023,0.06241655541,0.1248331448,99.91824031,0.0250144795,0.1302301478,1.09075002,0.08686555121,0.2320913604,-1.46062419,0.2391804595,-1.430536951
88,774table lamp,101,8.25,0.04540793907,0.06363149775,0.1754180018,0.08924907673,0.01379667734,235.6417904,0.8227716146,0.06360279032,0.06412005457,0.1369863014,0.8930623067,0.1157678511,0.1958595715,99.36954379,0.02971498247,0.1921597317,0.9930212645,-0.007003200741,0.1627642969,-1.815452156,0.7525032189,-0.2843500048
162,752pillow,113,4.5,0.2000868621,0.2770813243,0.617443277,0.2943022458,0.1062947721,123.3992331,0.430863244,0.4517995489,0.3609715243,0.2642386005,0.5438485804,0.2414884924,0.1571459486,99.34264421,0.06216735254,0.1601463192,1.244838266,0.2190056143,0.4951508593,-0.7028927966,0.7318026089,-0.3122444614
50,740rocking chair,153,5.923076923,0.05584176964,0.2037990222,0.4960431049,0.6060807076,0.1235299497,140.3096811,0.4899081044,0.1713653952,0.2655609811,0.0764978778,0.4670318823,0.05609133456,0.1133437434,99.99964237,0.05514403292,0.2172473708,0.6581679109,-0.4182951965,0.1813251504,-1.707463448,0.3079610419,-1.177781991
82,764sink,118,6,0.0344059596,0.05384509181,0.6982789402,0.6609044732,0.007700045725,164.0461432,0.5727868129,0.03670326069,0.0557023495,0.3547110055,0.6175771971,0.5236904831,0.3814338201,99.18496609,0.07441548544,0.08537113245,0.7108309071,-0.3413207015,0.5811412639,-0.5427614125,0.6955265995,-0.3630860232
41,420fur coat,105,3.277777778,0.3500846979,0.5178745787,0.8141867928,0.8852883992,0.1133119951,102.1123833,0.3565376511,0.8839922229,0.5553791589,0.3669428602,0.884644356,0.2266631607,0.2485526117,98.73409867,0.04703551288,0.1804907788,1.581225995,0.4582004921,0.4213326309,-0.8643326601,0.6821406304,-0.3825194394
20,582mountain bike,115,4.352941176,0.2930332262,0.4344375431,0.5450598605,0.7587334816,0.06372809023,155.7124866,0.54368885,0.5365694099,0.441696268,0.3923275615,0.9635511336,0.2493742049,0.1066618712,99.99979734,0.0465965554,0.1390214906,1.210037471,0.1906513271,0.4132577607,-0.8836837627,0.6818353463,-0.3829670779
73,713cup,126,3.947368421,0.32592,0.4979934632,0.586296485,0.7712181577,0.1010699588,156.1965182,0.5453789042,0.7377761681,0.6131940907,0.3686210641,0.7260827603,0.3906436827,0.3118874534,99.63876009,0.05049839963,0.1196768785,1.199908952,0.1822456803,0.5143729544,-0.6648066845,0.6612683515,-0.4135955435
64,493refrigerator,163,5.352941176,0.2659067608,0,0.1455155583,0.5031423954,0.09401615607,182.8970713,0.6386070926,0.7917040761,0,0.2859088256,0,0.01573693955,0.09977619408,99.99959469,0.03395214144,0.1199085505,80.17040761,4.384154464,29.59088256,3.387466292,27.59067608,3.317477892
114,581sink,143,1,0.08484758838,0.4195461051,0.8235867446,0.3546773797,0.5069166286,87.72842744,0.3063143416,0.6113798475,1,0.08968453462,0.4195461051,0.05543848637,0.1633807419,100,0.07436061576,0.2126748971,0.6152275718,-0.4857630442,0.2320694646,-1.460718536,0.220808866,-1.510457811
140,635rocking chair,93,4.571428571,0.2139840097,0.3291896251,0.356316823,0.306071748,0.03677488188,209.8059814,0.7325627843,0.2819238796,0.356316823,0.4703249337,0.812168435,0.2704476338,0.1195142703,91.72260165,0.0613504039,0.08382258802,0.7969163882,-0.2270055138,0.5842171911,-0.5374824628,0.660350415,-0.4149846531
9,621bookcase,155,4.466666667,0.3317193495,0.5084824272,0.2321811128,0.2902502157,0.05354061881,150.3214285,0.524865323,0.6265746333,0.5084824272,0.4134593487,1,0.3039742213,0.3979541583,99.06744361,0.03532998019,0.1052949246,1.227765108,0.2051955314,0.4192666818,-0.8692480893,0.6590760489,-0.4169163507
104,466television,159,4.842105263,0.3660817998,0.5788598767,0.2817489667,0.06276412584,0.09727785399,153.0146613,0.5342690687,0.9372358742,0.6211442245,0.3752820256,0.8947731261,0.2779638895,0.1667520833,99.04292822,0.03895137936,0.1401310776,1.500823168,0.4060137359,0.4258327469,-0.8537086228,0.6386609356,-0.4483815826
52,449mountain bike,79,3.894736842,0.307073955,0.4889965292,0.548618263,0.7816038826,0.09593659503,156.615799,0.5468428737,0.6621215623,0.5501630621,0.3641331978,0.8147559736,0.273683791,0.1860001132,97.32754827,0.05276024996,0.1420759031,1.199867695,0.1822112967,0.4536289639,-0.7904756752,0.6354231671,-0.4534640971
129,419soup bowl,178,3.555555556,0.3364906465,0.5492356224,0.1271991281,0.01004907689,0.07714067977,116.3091896,0.4061075057,0.9962608086,0.587316415,0.3369161464,0.8944123923,0.2220665317,0.334833759,93.81367564,0.02608748666,0.1174759945,1.684636121,0.5215495888,0.3835818144,-0.9582023449,0.6195789978,-0.4787150674
102,730desk,133,1,0.1131749608,0.4409880329,0.8731265882,0.452771351,0.5327541533,81.37132104,0.2841177411,0.9953726989,0.9994554789,0.1132345368,0.4410940093,0.1850630314,0.1444090642,99.99834299,0.06060661485,0.2351226947,0.995955463,-0.004052738222,0.2731903645,-1.297586421,0.2731224597,-1.297835014
3,759window screen,73,5,0.3276883997,0.5482964524,0.6354124116,0.728006403,0.1284621247,168.6884213,0.5889958845,0.5936770493,0.5885938727,0.4224289308,0.8889943524,0.368427206,0.08878389442,99.07740951,0.09140679774,0.194025301,1.008491862,0.008456008948,0.4810140682,-0.7318587615,0.6048549981,-0.5027665222
160,467wine bottle,117,5.181818182,0.1186450526,0.02447058824,0.08987092086,0.2118185914,0.03618350861,92.37127302,0.3225253946,0.1533263253,0.02879191612,0.3440606571,0.1401853412,0.1197909759,0.2981206226,97.7219224,0.0811949398,0.1761743637,4.210318583,1.437538318,2.357491446,0.8575981069,3.73202371,1.316950636
183,499couch,91,4.111111111,0.3423797177,0.003472490161,0.3786784866,0.9632031123,0.1044231062,187.3220109,0.6540573005,0.9632031123,0.006168890514,0.3469173284,0.00788183092,0,0.193051671,99.0542233,0.03761012041,0.1334186862,60.18985109,4.097503752,19.95977537,2.993719017,26.15550009,3.264059497
97,556passenger car,113,2.944444444,0.3729008095,0.6340209865,0.6366257102,0.5464428457,0.2008474318,117.5643378,0.4104900063,0.9868904876,0.7457807383,0.3747571637,0.8088271005,0.3191588274,0.2308309256,99.63057041,0.07626886145,0.2178265508,1.319020765,0.2768896166,0.4698881649,-0.7552605595,0.5945470994,-0.5199553408
89,465television,93,4.466666667,0.3170542636,0.5565606155,0.3481702842,0.5362285183,0.06625819235,166.5713803,0.5816039815,0.4432574702,0.5612876167,0.526867869,0.9850938535,0.3155687145,0.1620048888,99.98722076,0.07875628715,0.1162871513,0.7933962806,-0.2314324589,0.5395148077,-0.6170850477,0.5772626169,-0.549457974
42,628notebook computer,149,5.416666667,0.2894909245,0.5607523559,0.7238232469,0.7375630858,0.1194391099,188.1287555,0.6568741463,0.5416005768,0.6973583093,0.3834413761,0.7411056097,0.3201659246,0.1170009928,99.91790652,0.08456028045,0.1269318701,0.7798036292,-0.2487131484,0.5238163196,-0.6466141912,0.5247300714,-0.6448712983
54,776plastic bag,71,4,0.2899902619,0.5883180199,0.3010787141,0.4164586038,0.0924005487,137.6661684,0.4806779624,0.565065415,0.670191178,0.373317498,0.8280548958,0.2474607171,0.2281976333,98.90216589,0.06104557232,0.1141655235,0.8454467413,-0.1678901034,0.457389486,-0.7822199841,0.5013893146,-0.6903724046
59,671mailbox,81,4.555555556,0.3416378316,0.7038590604,0.54433115,0.7410071942,0.128986435,135.6312866,0.4735729281,0.9346207245,0.7081842123,0.3500023633,0.9913976462,0.2675062462,0.2460076551,99.83550906,0.04830361225,0.1805700351,1.315290295,0.2740573979,0.3594999096,-1.023041353,0.4925871942,-0.70808379
149,535wardrobe,119,3.647058824,0.09756277016,0.3828712512,0.9995858723,0.8691450293,0.2691540924,114.8597785,0.4010467126,0.3417305586,1,0.1201413428,0.3828712512,0.0105656849,0.2022082469,99.41239953,0.09462581923,0.1030513641,0.3482480778,-1.054840186,0.3312569763,-1.104860841,0.27378631,-1.295407368
184,583doormat,80,5.105263158,0.2906900253,0.6092161057,0.795516137,0.918446054,0.1624630392,170.2436737,0.5944262351,0.7897657793,0.9999384085,0.3150705494,0.6092389673,0.4545503763,0.1680348864,99.88408685,0.06481329066,0.09898491084,0.7918955974,-0.2333257173,0.5249517013,-0.6444490181,0.4855978753,-0.7223744146
180,459front curtain,143,4.428571429,0.3134097421,0.6595530074,0.1965515342,0.0234430741,0.07991464716,187.9233124,0.656156817,0.5574355315,0.6844047816,0.4172261215,0.9478181263,0.344099976,0.3078430645,96.40163183,0.05981405274,0.1106721536,0.8171538368,-0.2019279071,0.4460409651,-0.8073444812,0.4830233582,-0.7276902658
146,523waste container,102,5.5,0.2029729019,0.4560634294,0.535450903,0.3173777315,0.1379667734,167.6439595,0.5853490207,0.963371488,0.7248127286,0.2045514803,0.5515687141,0.2790198014,0.1185179544,99.99649525,0.02929431489,0.104990093,1.324652459,0.2811501301,0.3820573956,-0.9621844315,0.4569611955,-0.7831568032
115,433seashore,114,4.222222222,0.3359671626,0.174428063,0.6875332907,0.7500572738,0.1055204999,142.3777231,0.4971289214,0.7500572738,0.1827527432,0.3783221632,0.7929281257,0.1157163392,0.1033850679,99.99991655,0.05322359396,0.4578326475,3.94317228,1.371985547,0.4836325329,-0.7264298902,1.875892188,0.6290843797
109,546couch,95,2.157894737,0.1308827875,0.2781846187,1,0.8322387207,0.4512238988,109.1140245,0.3809847224,0.7272272987,1,0.1376398422,0.2781846187,0.1528106361,0.1916048751,99.96235371,0.08540161561,0.1255235482,0.7299280185,-0.3148093545,0.5123099312,-0.6688255027,0.4888629662,-0.7156730616
48,528bookcase,117,5.333333333,0.2544010558,0.5894198378,0.1720087263,0.2214242968,0.243011736,138.0633557,0.4820647893,0.8075254339,0.9909800302,0.2708228801,0.5925990968,0.3783343213,0.234787101,99.86232519,0.08149977138,0.1453193111,0.8167250187,-0.2024528152,0.4660194175,-0.7635279773,0.4410949373,-0.8184951493
72,539waste container,93,3.444444444,0.2427945117,0.5731463475,0.1659814543,0.08041205412,0.1469958848,107.0066918,0.3736267173,0.9195879459,0.6279446628,0.248061051,0.8678611422,0.1925679722,0.2304841819,99.99810457,0.039652492,0.2031580552,1.457160785,0.3764898748,0.2939656838,-1.22429224,0.4335009775,-0.8358612279
36,431toaster,119,2.421052632,0.1322260965,0.3254643809,0.9140235388,0.9305987914,0.1923853071,112.0976078,0.391402262,0.7916132576,0.4663588954,0.1369945494,0.5186018507,0.1472543639,0.1998716042,99.99406338,0.03329370523,0.2139368999,1.68279267,0.520454717,0.278081791,-1.279839996,0.4239678029,-0.8580977631
139,601rocking chair,111,4.714285714,0.08602005789,0.2239602105,0.3847131305,0.441252302,0.04871208657,193.7251413,0.6764145996,0.1569060773,0.2392760878,0.1599499374,0.7777221527,0.3136311128,0.1922880773,99.85907674,0.04965706447,0.1583295229,0.6695631291,-0.4011298254,0.215748582,-1.533641522,0.4104119144,-0.8905939543
192,439sliding door,102,4.315789474,0.3798494084,0.2621874739,0.329936497,0.0326880935,0.08392623076,103.5944396,0.3617124286,0.9673119065,0.2690723419,0.3847886096,0.9110852826,0.1174804771,0.2598623086,99.95703101,0.0333851547,0.2841761927,3.502002025,1.253334812,0.4286124391,-0.8472021737,1.432282694,0.3592694612
124,651notebook computer,90,5.666666667,0.3043114774,0.7588966235,0.2261453792,0.2523587587,0.07953055937,156.67911,0.5470639315,0.5792883938,0.833750268,0.3906477578,0.8942123419,0.2850617493,0.2139459634,99.985075,0.05363206828,0.08529797287,0.6984156522,-0.3589408631,0.4430903442,-0.8139815926,0.4087824914,-0.8945720703
24,761water bottle,115,3.684210526,0.1412103746,0.1140795941,0.3385683195,0.5815423515,0.2390550221,110.0114834,0.384118308,1,0.3385683195,0.1412103746,0.1467955421,0,0.183420943,96.57342434,0.03375704923,0.103648834,2.897566828,1.06387136,0.9643792971,-0.03627060008,1.218656264,0.1977488291
46,722soup bowl,110,1.210526316,0.1468814636,0.4971888018,1,1,0.2092790733,65.08321006,0.2272458452,1,1,0.1468814636,0.4971888018,0.2954239175,0.172721438,99.72135425,0.03073921658,0.1040512117,1,0,0.3093157085,-1.173392813,0.3093157085,-1.173392813
100,589rocking chair,89,4.714285714,0.1622733288,0.4229781145,0.1942400912,0.233221744,0.1598719707,158.5963029,0.5537580409,0.7232584091,0.7417735957,0.1730160546,0.4960149487,0.1609694251,0.2285532365,99.97412562,0.0382441701,0.1069044353,0.9753713263,-0.02493703304,0.3616811224,-1.016992333,0.3978799921,-0.9216048465
150,530coffee mug,102,3,0.2082027307,0.5782794032,0.3170409511,0.001100594321,0.1109525987,80.14766062,0.2798451837,0.8626458287,0.8300076479,0.2153415023,0.6559701082,0.2611447991,0.427757706,99.97921586,0.02769699741,0.08768785246,1.038854623,0.03811878262,0.3383657907,-1.083627748,0.3709168288,-0.9917774226
122,578coffee mug,125,3.526315789,0.206701341,0.578023314,0.8431239211,0.651303487,0.1525011431,107.5407468,0.3754914344,0.6426135739,0.8455824659,0.2335492124,0.6462381067,0.2612000358,0.1459814212,99.99368191,0.05542447798,0.1165493065,0.7627710944,-0.2707973,0.3711293355,-0.991204664,0.3685250836,-0.9982465001
71,504pole,124,6.818181818,0.2527548209,0,0.5043565444,0.4165859955,0.03984148758,164.0427645,0.5727750156,0.4144885447,0,0.3931140015,0,0,0.1872605933,98.42998385,0.03778692273,0.2553939948,42.44885447,3.748299927,40.31140015,3.696634311,26.27548209,3.268636265
83,521beer glass,116,4.947368421,0.2217260739,0.6291423284,0.8888702719,0.9926675978,0.1979332419,155.9103369,0.5443796679,0.5929469274,0.9113643028,0.2615351445,0.6701472309,0.2858730052,0.08725446732,99.95675683,0.08730376467,0.1455448865,0.6544066506,-0.4240263308,0.3992299492,-0.9182177143,0.3625578586,-1.014571208
113,673orange,169,4.933333333,0.1926960707,0.5834330287,0.5998545455,0.4276035617,0.0759884164,119.892229,0.4186181181,0.3564653504,0.5911272727,0.2954910141,0.9781771502,0.1777439604,0.1364317601,100,0.06299039781,0.125743027,0.6096302181,-0.4949027055,0.3091460009,-1.173941619,0.3415651994,-1.074216698
4,421tray,110,3.111111111,0.1975279773,0.2647909617,0.7662076529,0.8647048875,0.1825026673,111.6230934,0.3897454378,1,0.591213746,0.1975279773,0.3241356272,0.0001343965594,0.1985112541,99.35747981,0.03604938272,0.100057918,1.679934976,0.5187550879,0.6210890441,-0.4762808191,0.7552212635,-0.2807445084
110,579sewing machine,145,1.894736842,0.1448428458,0.4731530797,0.8215123225,0.9912638323,0.2146441091,120.0396255,0.4191327705,0.9912638323,0.8215123225,0.1450279774,0.5273667168,0.1602491743,0.2128218021,99.99998808,0.03140374943,0.137789971,1.204147918,0.1857721952,0.2884956819,-1.243075161,0.3204840294,-1.137922834
22,701sliding door,169,4.266666667,0.2090630359,0.08953896768,0.1421347416,0.7318537384,0.1083310471,184.5173373,0.6442644458,0.7318537384,0.1289166267,0.2264055377,0.2266869267,0.04719831272,0.04366299393,99.77833629,0.03351318397,0.1904892547,5.340280399,1.675278161,0.9988111344,-0.001189572822,2.200776651,0.7888103211
123,406waste container,146,6.307692308,0.2203600951,0.1115838185,0.4858685376,0.3792116974,0.02734339278,147.1231369,0.5136981038,0.3092816275,0.1115838185,0.4338907469,1,0.1565407772,0.4552164576,99.88988638,0.0383600061,0.245048011,2.626020728,0.965469669,0.439495789,-0.8221271431,1.894660803,0.6390398266
57,489pillow,133,4.571428571,0.1560525524,0.06403323425,0.5429182909,0.7541969431,0.02161255906,71.09322496,0.2482305341,0.1949386119,0.06833295116,0.4389280677,0.5043723554,0.09266606937,0.4578357284,95.46758533,0.04866331352,0.1595244627,2.616250363,0.9617421334,0.8727686528,-0.1360847607,2.242946078,0.8077902151
101,482bath towel,83,4.5,0.1861900148,0.09028565536,0.1575995702,0.4325455899,0.07628105472,203.4654421,0.7104240297,0.3396911053,0.1176036,0.2917998721,0.2798913043,0.197966242,0.1518708969,99.97517467,0.06552659656,0.1815454961,2.740448588,1.008121625,1.041079424,0.04025808249,1.956311838,0.6710609854
128,474bathtub,114,5.666666667,0.370900932,0.104489231,0.6634150296,0.6605532787,0.08577351014,180.0530993,0.6286770226,0.6605532787,0.1305698922,0.4582415239,0.3434501386,0.1770020637,0.06933610429,99.99947548,0.05950312452,0.225618046,4.770248225,1.562398342,1.324773915,0.2812418148,3.326958602,1.202058554
32,637microwave oven,119,3.210526316,0.3105725219,0.4473761792,0.09454391803,0.04469678666,0.2437494284,122.5821609,0.4280103385,1,0.961812708,0.3105725219,0.4554663465,0.3832509707,0.2009401184,99.9997735,0.07570187471,0.1154275263,1.039294909,0.03854251121,0.6887125661,-0.3729312705,0.7008946607,-0.3553976733
28,598cup,144,3.722222222,0.206892393,0.7139037433,0.5454092269,0.4662028511,0.1546593507,167.0424879,0.5832489101,0.4680444717,0.895404695,0.2704982655,0.7788552507,0.2302616152,0.1417027727,99.65444207,0.08938271605,0.1345282731,0.5279898308,-0.6386782553,0.3555763434,-1.034015303,0.2996149627,-1.205257086
181,728bath towel,140,4.842105263,0.2552773439,0.1799819348,0.165037907,0.3920105578,0.1836976071,162.7124895,0.5681302009,0.5143901325,0.2532319558,0.3363313531,0.3835584614,0.2320441989,0.1910734087,99.80075955,0.1201097394,0.2782380735,1.992121856,0.6892003301,0.8799997639,-0.1278336398,1.39632931,0.3338468718
62,608pole,125,6.166666667,0.05238445438,0.03586544888,0.7337810242,0.560957506,0.0148513946,124.6518221,0.435236809,0.05727716954,0.03793590952,0.3801313629,0.3965517241,0,0.2146367517,99.95263815,0.09856424326,0.1552446273,1.403481653,0.3389560446,0.9596106466,-0.04122765321,1.360162299,0.30760403
194,707pillow,80,5,0.2656557472,0.09378948846,0.1147766323,0.456898268,0.03603718945,141.8831972,0.4954022249,0.456898268,0.1147766323,0.3882591778,0.3390289291,0.2092185231,0.1446532598,94.0449059,0.03062338058,0.1064471879,3.741872652,1.319586195,1.141049193,0.1319481836,2.655911993,0.976788096
10,562waste container,89,4.944444444,0.1799148457,0.698686831,0.773709551,0.6330195258,0.1694619723,142.3808146,0.4971397157,0.8913877266,0.8380173926,0.1839473306,0.8077780976,0.2095712639,0.1765887633,99.99907017,0.03497027892,0.1633470508,1.062935424,0.06103434855,0.2371637626,-1.439004395,0.2679813387,-1.316837933
125,446bookcase,98,1.263157895,0.1591752744,0.640029118,0.8001706053,0.9402798601,0.3015028197,80.19173197,0.2799990642,0.9857571214,1,0.1595422008,0.640029118,0.2483787698,0.2858920179,99.99513626,0.04879743941,0.1929705838,0.98589814,-0.01420223596,0.2608224711,-1.34391529,0.2602579941,-1.346081855
185,496dishwasher,135,7.2,0.3582417582,0.1587111098,0.2429760997,0.3787855257,0.04363359244,126.8627062,0.4429563765,0.5569187762,0.168128655,0.5010479251,0.7391365097,0.1665333005,0.2343410025,99.99970198,0.03925621094,0.191824417,3.182636597,1.157709972,0.6821826443,-0.3824578502,2.182676403,0.7805518316
118,456window screen,106,2.263157895,0.1572155484,0.1040028172,0.2264341623,0.2403852128,0.03636640756,50.80940118,0.177407127,0.1862068966,0.1053403349,0.5024308466,0.8911986588,0.095367399,0.2789140071,98.49070311,0.09812528578,0.3076665143,1.701112596,0.5312825055,0.5686103076,-0.5645599519,1.466766809,0.3830605288
186,432teapot,108,5.933333333,0.2981524422,0.1497460974,0.3305961648,0.498536337,0.05790580704,148.3698944,0.5180513072,0.5073183149,0.1889595595,0.4196672984,0.4191408718,0.229281768,0.2294521235,98.44298363,0.04790123457,0.1284438348,2.600117914,0.9555567955,1.001226699,0.001225947075,1.929013899,0.6570089391
119,716rocking chair,95,4.5625,0.3975204432,0.1950479195,0.6930071444,0.3850998258,0.05140070111,192.2309388,0.671197412,0.6057885569,0.1963147386,0.536235322,0.9679753291,0.172893843,0.3345164952,99.26512837,0.04549916171,0.2534430727,2.984704636,1.093500793,0.5585369137,-0.5824345683,1.987440029,0.6868473932
164,573desk,157,4.928571429,0.3083921482,0.2026699443,0.5060683037,0.5201052236,0.06355128791,195.3022568,0.6819212877,0.4203682826,0.2393451877,0.5365502686,0.5694551036,0.4208583467,0.287818027,99.99328852,0.08111568358,0.1512025606,1.725993939,0.5458030809,0.9432141769,-0.05846189921,1.497118689,0.4035423867
117,796bookcase,127,3.727272727,0.1233317558,0.04904425879,0.4513604788,0.2411467116,0.01450998323,37.1609046,0.1297517619,0.1373313659,0.04980643036,0.5474789916,0.7621848739,0.2070198501,0.436543542,99.99557734,0.05784484073,0.2220454199,2.463470317,0.9015710537,0.7219501578,-0.325799176,2.258166306,0.8145531151
15,507mountain bike,115,4.3125,0.4625298964,0.1852881773,0.1242572374,0.3506521274,0.0385916781,109.7969279,0.3833691615,0.7442805217,0.1852881773,0.5499210111,1,0.1369024969,0.191418335,99.92499948,0.02851394604,0.2082792257,3.862397265,1.351288044,0.5543772387,-0.5899098877,2.419654395,0.8836247179
143,712rocking chair,111,4,0.1038272254,0.5036952591,0.575105561,0.680022494,0.09747904283,179.3791023,0.6263236813,0.3054969774,0.575554757,0.1359059353,0.8013634374,0.04399900487,0.1378353021,99.60563183,0.04336534065,0.1357232129,0.5388001269,-0.6184105989,0.1798280877,-1.715753953,0.2215851195,-1.506948476
145,471window screen,125,6,0.5080999893,0.160181754,0.1890979148,0.1598852841,0.0516872428,187.7702819,0.6556224927,0.8488976519,0.1645965549,0.5586223166,0.8565699457,0.1264505893,0.3334951495,99.86627102,0.03401310776,0.2689833867,4.919327604,1.593171855,0.6561759029,-0.4213263813,3.04439211,1.113301246
45,450window screen,124,5.6,0.5286195286,0.09895670644,0.3531234426,0.971689284,0.04037189453,179.7031893,0.62745527,0.8816097333,0.1029663496,0.569012383,0.7176079734,0.08296464928,0.1984045089,99.66008067,0.02605700351,0.2813656455,7.892701999,2.065938535,0.7957752033,-0.2284385409,4.943427038,1.598058823
163,690window screen,182,5.333333333,0.2143341113,0.07431095305,0.487242693,0.5258855586,0.03792714525,220.6096521,0.7702850981,0.2873145625,0.08294650575,0.4576434657,0.4164925253,0.1993121138,0.09440700978,99.24720526,0.06041152263,0.1904404816,3.198770735,1.162766591,1.096486897,0.09211133897,2.660794394,0.9786247228
17,720digital clock,100,2.842105263,0.1321249923,0.6723807204,0.8227595386,0.3019397055,0.1974455114,105.049776,0.3667939106,1,0.9797249335,0.1321249923,0.6818687087,0.1354841441,0.2935260558,99.97903705,0.02608748666,0.1374180765,1.020485557,0.02027855031,0.205421911,-1.582689313,0.2082781474,-1.568880845
6,708bookcase,108,4.789473684,0.1109357715,0.6366890089,0.02064595258,0.0417949846,0.3747477519,122.3744995,0.4272852637,1,1,0.1109357715,0.6366890089,0.1742385527,0.2622290073,100,0.04157293096,0.2385977747,1,0,0.1870076185,-1.676605922,0.1870076185,-1.676605922
176,591teapot,142,4.705882353,0.5347392936,0.3790153349,0.3623352166,0.198837692,0.04294467307,177.8448175,0.6209665416,0.8578248236,0.3790153349,0.5867404884,1,0.2592413236,0.4974229887,99.34228063,0.0293735711,0.1133058985,2.230824201,0.8023711138,0.5908321667,-0.5262232838,1.400302879,0.3366885555
167,751table lamp,126,5.3,0.3025439848,0.01988862371,0.1976434022,0.6308016878,0.02634354519,146.9660392,0.5131495783,0.3835141652,0.02145524552,0.5889840315,0.2140708169,0.09750932074,0.1649897393,99.82301593,0.04045724737,0.2628440786,12.51028751,2.526551307,2.673190733,0.9832727902,10.45695472,2.347267281
55,787television,92,5.25,0.5385038504,0,0.6386838757,0.8235541535,0.03921963115,143.8547464,0.5022861257,0.8235541535,0,0.6087362039,0,0,0.2538450859,99.7998178,0.02898948331,0.1676878525,83.35541535,4.423113578,61.87362039,4.125093924,54.85038504,4.004609207
199,495window screen,140,5.444444444,0.2298756161,0,0.3665205503,0.1957860172,0.01933851547,180.3506531,0.6297159674,0.2680257217,0,0.617591425,0,0.02188552189,0.2724040443,99.672544,0.04456028045,0.1404724889,27.80257217,3.325128541,62.7591425,4.139304265,23.98756161,3.17753543
81,682tabby cat,114,4.615384615,0.3432855452,0.1274736453,0.03505031977,0.02350391732,0.02569120561,184.0713657,0.6427072825,0.4350725121,0.1366813743,0.6193640247,0.6542477456,0.2974071687,0.2934963392,97.11288214,0.03657369303,0.1229751562,3.034281035,1.109974505,0.94748387,-0.05394536587,2.569841983,0.9438444118
161,436mountain bike,117,7.25,0.007603305785,0.4087802745,0.3663003663,0.6417622053,0.04558451456,220.4229318,0.7696331417,0.01481386062,0.4087802745,0.0153805002,1,0.07621132637,0.2389536731,98.65838885,0.0473281512,0.1115134888,0.05925269678,-2.825943985,0.02512920812,-3.683724439,0.04203470617,-3.169259665
156,734front curtain,109,4.454545455,0.3877859449,0.2780047302,0.6601661925,0.8933712458,0.05455265966,138.7739825,0.4845460281,0.5015994313,0.2903877826,0.6308672329,0.8670093876,0.2515656932,0.07126377413,93.84625554,0.06861149215,0.1628776101,1.703129957,0.5324677095,0.7307415884,-0.313695386,1.381178513,0.3229371295
51,672barber chair,142,5.785714286,0.2973357016,0,0.03177453353,0.428361653,0.0154671544,154.9304193,0.540958168,0.3511642542,0,0.6598344501,0,0,0.1565674168,99.96824265,0.02906264289,0.1561835086,36.11642542,3.58674776,66.98344501,4.2044455,30.73357016,3.425355548
131,795window screen,93,4.5,0.3831106213,0,0.4029085826,0.620151047,0.02569120561,177.2542021,0.618904337,0.4773429454,0,0.659943047,0,0.02374225951,0.09163994881,99.68403578,0.03551897577,0.1831976833,48.73429454,3.886382982,66.9943047,4.204607611,39.31106213,3.671505958
157,612switch,142,6.125,0.6032485234,0.1680609501,0.5150027743,0.9173076923,0.04801097394,206.9499789,0.7225907086,0.8511217949,0.1680609501,0.6744126984,1,0.1331682957,0.07632930845,99.55468178,0.03804298125,0.285675964,4.836106931,1.576110044,0.6776363351,-0.3891445139,3.444037129,1.236644367
135,454passenger car,78,3.823529412,0.6024826508,0.269252389,0.3937196289,0.6589960974,0.05465020576,129.9220077,0.4536382952,0.8294980487,0.282138124,0.6876394467,0.8549754574,0.2233026874,0.1886252461,98.89010191,0.0453040695,0.1656089011,2.87363401,1.055577434,0.8065424755,-0.2149987163,2.19329422,0.7854046238
21,592plate rack,150,5.2,0.3256088561,0,0.9654154573,0.6341085271,0.019362902,100.056958,0.3493608869,0.3800172265,0,0.6945843829,0,0,0.1859395356,99.90620017,0.0353909465,0.1239262308,39.00172265,3.663605816,70.45843829,4.255023008,33.56088561,3.51336127
155,790vase,135,4.285714286,0.2907810338,0.1321299639,0.1310130662,0.3122660524,0.02022252705,155.8290738,0.5440959281,0.3328534408,0.1393918088,0.6970153753,0.7172143503,0.4069842386,0.1778100532,99.57265854,0.04234720317,0.1040512117,2.294994911,0.8307306261,0.9722241799,-0.02816886337,2.11623943,0.7496406599
172,502dining table,166,7.076923077,0.237833935,0.1032493034,0.4605629786,0.6505065123,0.02869074836,127.0130032,0.4434811564,0.2648335745,0.1032493034,0.6999575011,1,0.2519853259,0.3385495602,99.93647933,0.07582990398,0.2778783722,2.426801457,0.8865741175,0.7029282189,-0.3525004992,2.188392578,0.7831672916
138,497microwave oven,133,5.176470588,0.4737540549,0.05777096115,0.1436180706,0.2423295976,0.02775186709,105.5147053,0.3684172669,0.5902994672,0.06687709607,0.7058435852,0.2978910369,0.1338447295,0.4914054605,99.99997616,0.03318396586,0.1236153025,7.808560649,2.055220651,2.324990011,0.8437157426,7.138072807,1.965442825
13,484pillow,115,5.5,0.5429241137,0.02177505016,0.4024807645,0.7281721494,0.09403444597,177.5874123,0.6200677803,0.6874845412,0.03031132773,0.7208246888,0.07177126556,0.06612038442,0.1038239217,99.79812503,0.09859472641,0.2226550831,17.30244525,2.850847836,8.937426659,2.190247702,17.40120349,2.85653937
92,768lampshade,138,6.111111111,0.2554482139,0.01587941048,0.2598320967,0.2817843866,0.009468068892,178.3363487,0.6226827818,0.2817843866,0.0164768175,0.7321313587,0.3045717965,0.09614998326,0.1467483533,99.65232611,0.02459990855,0.1750160037,11.02037232,2.399745589,2.35917958,0.8583139228,10.25711981,2.32797208
193,665acoustic guitar,75,4.785714286,0.4687931034,0.1954060705,0.1783334251,0.02449149024,0.02256363359,151.2570122,0.5281320257,0.5643420506,0.1967836096,0.7346663064,0.9654147528,0.2653522058,0.3699717989,98.95916581,0.0293735711,0.1106965402,2.77750278,1.021552244,0.7634355584,-0.2699265608,2.330958877,0.8462797179
7,624toaster,140,5.636363636,0.265758092,0.003297944432,0.7878350823,0.2351285419,0.01280902301,113.1198841,0.3949716624,0.2927378495,0.003630576416,0.7425035697,0.03474535935,0.04670589688,0.3169974979,99.87725616,0.03248894986,0.1225849718,22.21020155,3.100551713,16.81746623,2.822418003,20.7368961,3.031914534
148,706candle,120,3.578947368,0.7446069205,0.2292473903,0.9700882397,1,0.04210943454,111.2017088,0.3882741229,1,0.2507104043,0.7446069205,0.7281019256,0.1912459822,0.1596484349,90.02113938,0.03135497638,0.1222923335,3.874030278,1.354295381,1.022361403,0.02211505298,3.154086319,1.148698856
187,426mixing bowl,112,4.9,0.1393442623,0.02697411355,0.7345732724,0.8515821195,0.004535893919,37.34850979,0.1304068079,0.1451531894,0.02697411355,0.7768817204,1,0.1443695164,0.2599628649,98.94034863,0.02427678708,0.1681572931,4.196265291,1.434194913,0.7790908123,-0.2496276644,4.039157344,1.396036092
67,719radio,91,4.923076923,0.4253423527,0,0.6017574401,0.7247517332,0.02013107758,140.9342623,0.4920889047,0.483042908,0,0.7807389461,0,0,0.09866392331,99.01345372,0.03253772291,0.2206310014,49.3042908,3.898011112,79.07389461,4.37038279,43.53423527,3.773547646
29,617beer glass,122,5.642857143,0.6100906766,0,0.1802408301,0.2023378792,0.02031397653,184.0164243,0.6425154481,0.730308934,0,0.787515006,0,0,0.1652916869,91.75436497,0.02190519738,0.1756866331,74.0308934,4.304482485,79.7515006,4.378915558,62.00906766,4.127280627
26,662window screen,158,5.388888889,0.4076359429,0.1701327247,0.7002705216,0.5420938628,0.02453894223,163.0619446,0.5693503652,0.4579061372,0.1701327247,0.787826087,1,0.2927128244,0.314786883,97.86673188,0.04221917391,0.1442341107,2.597563203,0.9545737758,0.7899268188,-0.2358149723,2.318490123,0.8409161647
188,424spotlight,105,5.875,0.3209625284,0.2405677198,0.08972255902,0.06905103772,0.02056393842,205.0631307,0.7160025512,0.3499543141,0.2405677198,0.7948413875,1,0.2244874908,0.2922820097,97.95635343,0.04670629477,0.08548087182,1.436555013,0.3622478953,0.7968726609,-0.227060386,1.320850621,0.2782759391
116,517table lamp,117,5.111111111,0.282651846,0,0.145890267,0.304335425,0.01634506935,166.1325515,0.580071758,0.3046206503,0,0.7967176427,0,0,0.2232890325,99.95235205,0.04274958086,0.2900167657,31.46206503,3.448782535,80.67176427,4.390388629,29.2651846,3.37639857
133,772bookcase,111,5.25,0.3295382093,0.139027027,0.3070763904,0.2792014303,0.02761164457,194.082657,0.6776629084,0.3593563766,0.1391473707,0.7988518437,0.9938176198,0.3112498841,0.2103824144,99.94449019,0.06138088706,0.1972077427,2.476452484,0.9068270861,0.8057756984,-0.215949865,2.278366657,0.8234588076
25,615sewing machine,134,6.333333333,0.3860329777,0,0.3966018222,0.4256047955,0.01508306661,162.1523385,0.5661743663,0.4260329694,0,0.8043654002,0,0,0.1509230258,99.85758066,0.02847736626,0.1237921049,43.60329694,3.775132765,81.43654002,4.399824067,39.60329777,3.678912392
74,600table lamp,104,4.7,0.392004293,0.1468331382,0.1217843654,0.1609331168,0.02196616369,182.0147955,0.6355265206,0.431418869,0.1609064348,0.810990841,0.6266999722,0.1587858535,0.2962830833,95.08021474,0.0412924859,0.0855540314,2.582810118,0.948877999,1.289446956,0.25421341,2.563261167,0.9412803412
78,595switch,104,5.764705882,0.5150392817,0.2203117656,0.3130581231,0.6610363221,0.03429355281,177.6612015,0.6203254241,0.5828041656,0.2203117656,0.8158222222,1,0.2920518275,0.1145122655,99.89817739,0.04800487731,0.1556591983,2.573920459,0.9454302072,0.8176457646,-0.2013260868,2.279689361,0.8240391883
152,614front curtain,102,6.636363636,0.249468188,0.07806156345,0.02695617982,0.01956566277,0.03853071178,134.9867461,0.4713224375,0.2642901045,0.09240246407,0.8164556962,0.3346518987,0.1622547408,0.5317504342,90.76333642,0.1190306356,0.1395458009,2.678549847,0.9852755463,2.397943256,0.8746113932,2.946440851,1.080597951
85,627patio,139,7.375,0.2181818182,0.04122229137,0.2340471276,0.3960106012,0.01225422954,200.6437471,0.7005717428,0.2293206863,0.04130116959,0.8179104478,0.955721393,0.1260960772,0.2024585417,99.66219664,0.04370675202,0.2835665295,4.665014233,1.540090885,0.8572974087,-0.1539703859,4.454736641,1.493967944
202,423iPod,125,6,0.2915215959,0,0.02580287929,0.2188569129,0.02308794391,201.0993543,0.7021625498,0.311732743,0,0.8180617903,0,0.01611381288,0.3370294565,99.99773502,0.06058832495,0.1101051669,32.1732743,3.471136117,82.80617903,4.416502685,30.15215959,3.406256549
175,693acoustic guitar,97,5.333333333,0.4125312623,0.01627642646,0.6321423756,0.4313994654,0.04646242951,166.4331819,0.5811214451,0.4528574525,0.01930699744,0.8224642435,0.09395092508,0,0.4195632586,97.00163007,0.08438347813,0.2260935833,15.79341089,2.759592821,8.008242764,2.080471357,16.0802407,2.777591233
203,619microwave oven,99,6.153846154,0.3374090247,0.1638694639,0.2741258741,0.3765683814,0.01714372809,158.5020496,0.553428944,0.3635508156,0.1638694639,0.8243243243,1,0.3715617716,0.2977422024,99.56895709,0.03887212315,0.1046181984,2.148455555,0.7647492377,0.8260636874,-0.191083405,1.998102582,0.6921980214
195,532computer keyboard,98,4.473684211,0.4564944046,0.2656745548,0.6833370611,0.2250937891,0.05348574912,106.6068422,0.3722305941,0.5044462971,0.2922836055,0.8276530263,0.7447851362,0.2997453491,0.3019567306,99.99450445,0.08775491541,0.1362901997,1.701866353,0.5317255033,1.10979004,0.1041708441,1.692192466,0.5260250053
198,473microwave oven,96,4.647058824,0.6428864289,0.08369364899,0.4034876188,0.226297793,0.03406188081,158.4930324,0.5533974595,0.7311159465,0.08499496113,0.8419545373,0.8453552891,0.08526019149,0.2687042683,99.99989271,0.03922572779,0.3387776254,7.801634294,2.054333237,0.9960241647,-0.003983759936,6.968310402,1.941372785
190,754traffic sign,113,4.470588235,0.6274046574,0.3346478588,0.006319834168,0.01019497897,0.04035360463,171.9443171,0.6003642358,0.7107174716,0.3346478588,0.842574407,1,0.3967339097,0.4271324182,99.93762374,0.04784026825,0.1205852766,2.091170605,0.7377240075,0.8441330762,-0.1694451235,1.849437451,0.6148815121
34,767pillow,130,4.666666667,0.6404654169,0.02970056296,0.2457042927,0.8964909705,0.03583600061,176.6298744,0.6167244219,0.7273528116,0.03229151839,0.8428036747,0.2701599183,0.03180863219,0.1262433202,98.41944575,0.0415241579,0.2998140527,17.43500446,2.858479936,3.043988875,1.113168785,16.38428698,2.796322765
121,411pickup truck,135,5.277777778,0.5909559126,0.2588112537,0.5930978513,0.599565615,0.0408291419,161.4890999,0.563858589,0.6558070416,0.2588112537,0.8566522323,1,0.3380738909,0.3502686856,99.60225821,0.05333333333,0.1577564396,2.476857023,0.9069904271,0.8580715172,-0.1530678296,2.235605483,0.8045121011
142,666paper towel,117,4.944444444,0.792990702,0.3308053626,0.4904594802,0.906020729,0.05463191587,134.1261781,0.4683176611,0.903808082,0.3707095076,0.8660863743,0.7544916862,0.3361725443,0.08785095755,99.7810185,0.05235177564,0.1111903673,2.400276493,0.8755839363,1.145972402,0.1362535364,2.3561563,0.8570316047
5,696rocking chair,107,6.571428571,0.3200309957,0.02583172044,0.3126021663,0.6588021779,0.01130925164,180.5437648,0.6303902403,0.3331316798,0.02589486228,0.8905660377,0.9137466307,0.06920951137,0.4879341903,99.76276755,0.03023319616,0.3990672154,9.559353568,2.257520106,0.9749058971,-0.02541432842,9.210581901,2.22035303
11,626television,156,4.705882353,0.7979584215,0.3464620465,0.2970229712,0.07607059789,0.04349336991,153.8019031,0.5370178181,0.8770009577,0.3464620465,0.8985141576,1,0.3549609052,0.4071179274,99.9710381,0.04456028045,0.1255357415,2.488346141,0.9116182892,0.8995189679,-0.1058951387,2.266604339,0.8182828258
197,794pillow,149,5,0.5681544029,0.2843021674,0.3189897524,0.1406216506,0.0382258802,194.2284168,0.6781718463,0.6057877814,0.2843021674,0.9014354067,1,0.2782665363,0.4295924232,96.60103917,0.05688157293,0.1344551135,2.092365771,0.7382953736,0.9024112938,-0.1026848831,1.964492508,0.6752339462
61,789vase,130,7.571428571,0.1068869277,0,0.9269136714,0.09529986266,0.009559518366,169.8390358,0.5930133933,0.108118419,0,0.9036989796,0,0.02487107706,0.1823108643,92.34886765,0.07990245389,0.1321322969,11.8118419,2.469102579,91.36989796,4.51491608,11.68869277,2.458621944
58,480bath towel,130,5.368421053,0.5036161176,0.04520328751,0.1164045508,0.5307924985,0.02946502058,129.1152855,0.4508215275,0.5307924985,0.05199096537,0.9077177736,0.257190151,0.1338901812,0.1745842848,99.84109402,0.05038866027,0.1457582686,8.723730874,2.166046999,3.434699109,1.233929326,9.304085693,2.230453626
75,775bookcase,125,5.090909091,0.3953354999,0.06191143498,0.2575112108,0.5937131631,0.01346745923,178.879835,0.6245804295,0.4062868369,0.06191143498,0.9361702128,1,0.1426569507,0.2436848166,99.99797344,0.0310318549,0.2175278159,5.788882353,1.755939242,0.9368021909,-0.06528312804,5.636593124,1.729279827
174,798sink,136,4.666666667,0.1950448526,0.03970290344,0.1677128147,0.2068398268,0.01486358787,200.9943207,0.7017958125,0.1976623377,0.04146977925,0.9364232978,0.4823625923,0.143954595,0.1780443506,99.99002218,0.07041609511,0.1728882792,4.034645974,1.394918559,1.922207967,0.6534745084,4.125409954,1.417165398
136,425pillow,91,5.5,0.1548206278,0.004244429187,0.002116574406,0.1129853957,0.008949855205,82.53776471,0.2881905192,0.1563455225,0.00442852491,0.9407356948,0.09264305177,0.07404188283,0.257404688,92.79133677,0.05385154702,0.1872275568,11.52893477,2.444859942,9.262543138,2.225978648,11.5708833,2.448491882
126,641passenger car,94,5.5,0.1503609989,0,0.2408547775,0.8368519508,0.01462581923,218.5850251,0.7632158699,0.151656868,0,0.9462275948,0,0,0.4073117168,90.08433223,0.09125438195,0.1494955037,16.1656868,2.782890897,95.62275948,4.560410862,16.03609989,2.774842424
70,797running shoe,140,5,0.3330350485,0,0.9564204923,0.1220179304,0.01436976071,162.4279673,0.5671367572,0.3393101352,0,0.947390751,0,0,0.4911500463,94.18871403,0.04012193263,0.1282853224,34.93101352,3.553375074,95.7390751,4.561626523,34.30350485,3.535247531
182,769pillow,121,6.555555556,0.3292111673,0,0.4842365769,0.5298607136,0.01129705838,142.4508468,0.4973842417,0.3352413662,0,0.9481921209,0,0.01148231845,0.2186902781,91.73473716,0.03195244627,0.1699801859,34.52413662,3.541658691,95.81921209,4.562463209,33.92111673,3.524037733
39,453shopping cart,140,5.6,0.07664175545,0,0.9892336302,0.3437100894,0.003090992227,164.6377759,0.5748525694,0.07694763729,0,0.9506903353,0,0,0.3019290847,99.94114637,0.03818930041,0.1245785703,8.694763729,2.162720974,96.06903353,4.565067032,8.664175545,2.159196771
168,492dining table,90,7.555555556,0.2048089309,0,0.3237752219,0.5977036395,0.01214449017,89.20194552,0.311459307,0.2066724437,0,0.9578313253,0,0,0.3661603444,99.46143031,0.05628410303,0.306380125,21.66724437,3.075801644,96.78313253,4.572472728,21.48089309,3.067163846
60,781sink,114,7,0.01711618257,0,0.04375401947,0.07900369722,0.001652187167,234.5300116,0.8188897052,0.01712395408,0,0.9741697417,0,0.1397411991,0.1649129213,99.99997616,0.09399176955,0.2749154092,2.712395408,0.9978321587,98.41697417,4.589213291,2.711618257,0.9975455996
206,476window screen,109,5.625,0.5382813644,0,0.1016883117,0.3759810455,0.0228928517,173.724875,0.6065812676,0.5444987413,0,0.9792276964,0,0,0.3054723322,98.6997962,0.04117055327,0.09388812681,55.44987413,4.015479444,98.92276964,4.594339441,54.82813644,4.004203501
170,645folding chair,103,4.666666667,0.2881427072,0.01801493085,0.4385279554,0.378589527,0.008547477519,136.7422455,0.4774519744,0.2899070946,0.01831346886,0.9793152639,0.5249643367,0.04476744186,0.1111606202,98.8936007,0.02887364731,0.2450175278,10.59238259,2.360135119,1.849310685,0.614812967,10.64227889,2.364834642
44,669computer keyboard,143,5.6,0.3879987908,0.05929095355,0.2322059223,0.5894271785,0.01596707819,154.2194841,0.5384758525,0.3910725168,0.05929095355,0.9801450935,1,0.1355924616,0.2543113769,99.97226596,0.04001828989,0.2693004115,5.788237804,1.755827894,0.9803416768,-0.01985411831,5.743878103,1.74813461
49,638teapot,119,4.692307692,0.5291049447,0,0.2090411748,0.2562539416,0.0156805365,98.68954994,0.3445864174,0.5331091024,0,0.9860031104,0,0,0.2208396687,97.14385867,0.02900167657,0.04234720317,54.31091024,3.994725132,99.60031104,4.601165287,53.91049447,3.987325162
132,695vase,79,5,0.2011385199,0.06631027038,0.4204790789,0.278464954,0.007864654778,174.4026257,0.6089477153,0.2017126546,0.06631027038,0.9860465116,1,0.3241492752,0.3951051253,92.21732616,0.03844535894,0.1186038714,2.774366459,1.020422418,0.986184665,-0.01391165492,2.766842771,1.017706876
95,464sink,118,5.705882353,0.7193188491,0,0.489920918,0.02489134729,0.02269166286,199.9518205,0.6981557979,0.7259976294,0,0.9873723804,0,0,0.3090376571,99.93363023,0.03086114922,0.157268709,73.59976294,4.298641805,99.73723804,4.602539108,72.93188491,4.289525922
141,699plate,111,5.7,0.3393543428,0,0.2154659926,0.4233191927,0.01631458619,200.3371836,0.6995013394,0.3405322021,0,0.9899103139,0,0.01929403217,0.1239205351,98.40902686,0.0474256973,0.2604846822,35.05322021,3.556867484,99.99103139,4.605080496,34.93543428,3.553501623
27,403traffic sign,103,7.571428571,0.2748391708,0.06661216059,0.9206506304,0.7248478339,0.009437585734,143.3689065,0.5005897574,0.2753311851,0.06661216059,0.9935400517,1,0.2097620347,0.4182498937,99.88567829,0.03405578418,0.141679622,3.724358939,1.31489474,0.9936040116,-0.006416530408,3.717936795,1.31316889
159,649wall clock,134,5.333333333,0.1199885861,0.006483667501,0.06428803348,0.1206109049,0.00514555708,89.2312828,0.3115617416,0.1200399657,0.006638046106,0.9964454976,0.2180094787,0.1736176828,0.304088942,99.71459508,0.04271300107,0.1689925316,7.815819533,2.056149825,4.414051133,1.484792892,7.885901975,2.065076605
90,792doormat,125,4.454545455,0.6844498669,0,0.2831479451,0.3014640639,0.03762231367,221.1930751,0.7723221894,0.6844498669,0,1,0,0,0.2576548041,97.82844186,0.05496723061,0.1167443987,69.44498669,4.240534881,101,4.615120517,69.44498669,4.240534881
154,656bath towel,116,6,0.2127303183,0.07092032215,0.477921454,0.521466984,0.01471117208,183.9374662,0.6422397564,0.2127303183,0.07262100164,1,0.751761293,0.1850184333,0.2673934128,95.55831552,0.06915409236,0.152287761,2.695807529,0.9916977991,1.325874666,0.282072367,2.752464552,1.012496711
144,447seashore,96,4.9,0.3308184353,0.08823658078,0.2315499366,0.1549942595,0.01229690596,172.745286,0.6031609149,0.3308184353,0.08823658078,1,1,0.2667220788,0.3514475453,99.82179999,0.03717116293,0.139362902,3.469363781,1.243971229,1,0,3.469363781,1.243971229
84,470monitor,128,7.181818182,0.1848700495,0.03887417219,0.05232115047,0.1848700495,0.007285474775,187.7530242,0.6555622352,0.1848700495,0.0389012227,1,0.9824267782,0.1631959876,0.1622742323,93.88378263,0.03940862673,0.1839902454,3.984972946,1.382530523,1.017707323,0.01755237507,3.98717852,1.383083843
173,760table lamp,110,7,0.2146127083,0,0.1485882117,0.7304522981,0.007145252248,173.143217,0.6045503385,0.2146127083,0,1,0,0,0.4810037245,98.2742548,0.03329370523,0.09133363816,22.46127083,3.11179253,101,4.615120517,22.46127083,3.11179253
103,678paper towel,104,5.666666667,0.1487571702,0.001248087608,0.1358183554,0.3565965583,0.004743179393,130.3670069,0.4551920633,0.1487571702,0.001286787597,1,0.03984575835,0.05059299867,0.1621989627,99.42846894,0.03188538333,0.1468739521,14.06575333,2.643743001,20.26250645,3.008772205,14.11414773,2.647177679
112,485table lamp,122,5,0.1419470436,0.01455309942,0.04629232748,0.2040613179,0.004346898339,108.2016603,0.3777990934,0.1419470436,0.01455309942,1,1,0.1025248505,0.4282721472,99.90785122,0.03062338058,0.2986922725,6.18850765,1.822693967,1,0,6.18850765,1.822693967
65,508moped,103,5.75,0.07752883762,0.01295956394,0.1250162226,0.08584738243,0.004261545496,140.3991538,0.4902205092,0.07752883762,0.01295956394,1,1,0.132574122,0.1577140411,98.52710962,0.05496723061,0.3288340192,3.812304008,1.338233733,1,0,3.812304008,1.338233733
204,778toilet paper,138,6.285714286,0.08924672489,0,0.6471163458,0.5977074236,0.003987197074,194.5843876,0.6794147612,0.08924672489,0,1,0,0.0321968964,0.09414109373,99.95957017,0.04467611645,0.2805547935,9.924672489,2.295023827,101,4.615120517,9.924672489,2.295023827
207,494coffeemaker,126,7,0.1195652174,0,0.297826087,0.2199352451,0.003151958543,57.36754083,0.2003056593,0.1195652174,0,1,0,0,0.1023558704,99.34018254,0.02636183509,0.07011126353,12.95652174,2.561599271,101,4.615120517,12.95652174,2.561599271